id,variant,category,practice,unit,sed,sal,ecoli,nutr,sel,met,flow,temp,rip,bank,health,fail_class,discount_pct,capital,maint,durability,water,approvals,build,upkeep,negative,benefits,adoption,funding,support,env_src,econ_src,soc_src,lev_src,traditional,plan_priority,funding_guide,pairs_with,priority_area,tracking_unit,note
B-1,,Paired treatments,"Riparian corridor package: exclusion fencing, native planting, and one-rock dams",project,5,1,5,3,1,1,3,4,5,5,0,paired,8.3,3,4,4,2,1,3,1,2,2,2,3,2,J,J,J,J,false,true,Riparian restoration,,Lower Montezuma Creek; Bears Ears canyons; San Juan corridor,Stream miles treated,"Combines G-2, C-7b, C-1. Environmental: best component rating, +1 on sed, bank, temp for pairing. Economic, Social, and Leveraging: average of components (rounded half to even); approvals: the hardest. Risk discount: average of components (8.3%), with planting risk cut to 10% when paired"
B-2,,Paired treatments,"Streambank package: bioengineering, log or rock vanes, and native planting",project,5,1,1,2,1,1,1,3,5,5,0,paired,23.3,2,3,3,2,0,2,2,3,2,1,2,1,J,J,J,J,true,true,Erosion control or stream stabilization,,Montezuma Creek reaches with confirmed bank erosion,Stream length treated,"Combines C-6, C-14, C-7b. Environmental: best component rating, +1 on bank, sed, rip for pairing. Economic, Social, and Leveraging: average of components (rounded half to even); approvals: the hardest. Risk discount: average of components (23.3%), with planting risk cut to 10% when paired"
B-3,,Paired treatments,"Gully package: Zuni or Navajo bowl, one-rock dams, brush dams, and seeding",project,5,1,1,1,1,1,5,1,3,4,0,paired,16.3,4,4,4,3,2,2,2,3,2,2,2,2,J,J,J,J,true,true,Check dams or sediment control,,"Incised gullies in Mancos Shale landscapes (Chinle, McElmo)",Gully length treated,"Combines C-2, C-1, C-12, G-6. Environmental: best component rating, +1 on sed, flow for pairing. Economic, Social, and Leveraging: average of components (rounded half to even); approvals: the hardest. Risk discount: average of components (16.3%), with planting risk cut to 10% when paired"
B-4,,Paired treatments,"Irrigated salinity package: sprinkler or drip, tailwater reuse, and field-edge filter strips",project,5,5,4,4,3,1,1,1,2,0,0,paired,3.3,2,4,3,4,2,2,1,3,2,2,3,3,J,J,J,J,false,true,Drip irrigation; Canal or ditch lining,,McElmo salinity hotspots; lower Montezuma Creek irrigated valleys,Irrigated acres improved,"Combines I-2, I-3, C-11a. Environmental: best component rating, +1 on sal, sed, sel for pairing. Economic, Social, and Leveraging: average of components (rounded half to even); approvals: the hardest. Risk discount: average of components (3.3%), with planting risk cut to 10% when paired"
B-5,,Paired treatments,"Regenerative farm package: soil health, cover crops and contours, and runoff farming",project,4,2,0,2,1,0,5,0,1,0,0,paired,8.3,4,4,3,3,2,2,2,2,3,1,2,2,J,J,J,J,true,true,Drip irrigation,,"Irrigated and dryland fields in McElmo, Montezuma, and Recapture; Navajo Nation fields",Acres treated,"Combines I-6, I-4, I-7. Environmental: best component rating, +1 on sed, flow for pairing. Economic, Social, and Leveraging: average of components (rounded half to even); approvals: the hardest. Risk discount: average of components (8.3%), with planting risk cut to 10% when paired"
B-6,,Paired treatments,Spring package: spring development with protection and wet meadow restoration,project,4,0,4,2,0,0,5,3,5,4,0,paired,7.5,2,4,4,3,1,2,2,2,3,2,2,2,J,J,J,J,false,true,Livestock watering trough; Riparian restoration,,Abajo headwaters and foothill springs; Bears Ears springs,Springs protected,"Combines F-1, F-2. Environmental: best component rating, +1 on flow, rip for pairing. Economic, Social, and Leveraging: average of components (rounded half to even); approvals: the hardest. Risk discount: average of components (7.5%), with planting risk cut to 10% when paired"
B-7,,Paired treatments,"Grazing package: rotational grazing, off-stream water, and riparian fencing",project,4,1,5,3,0,0,1,2,5,4,0,paired,0,3,4,4,3,1,2,1,2,3,2,3,3,J,J,J,J,false,true,Cross-fencing or rotational grazing; Livestock watering trough,,Grazed uplands and riparian reaches in Montezuma and Recapture,Acres managed and stream miles fenced,"Combines G-1, G-3b, G-2. Environmental: best component rating, +1 on ecoli, rip for pairing. Economic, Social, and Leveraging: average of components (rounded half to even); approvals: the hardest. Risk discount: average of components (0%), with planting risk cut to 10% when paired"
B-8,,Paired treatments,"Pinyon-juniper package: thinning, slash piles in washes, and seeding",project,4,1,1,1,1,1,3,0,2,2,0,paired,13.3,3,5,3,3,1,2,2,2,3,2,3,3,J,J,J,J,true,true,Rangeland assessment or plan; Pinyon-juniper management,,Spring Creek and Montezuma Bench near Monticello; Mancos Shale uplands,Acres treated,"Combines G-7, C-13, G-6. Environmental: best component rating, +1 on sed, flow for pairing. Economic, Social, and Leveraging: average of components (rounded half to even); approvals: the hardest. Risk discount: average of components (13.3%), with planting risk cut to 10% when paired"
G-1,,Grazing and rangeland,Prescribed or rotational grazing with cross-fencing,acre,3,1,4,2,0,0,1,1,2,1,0,none,,4,5,4,3,1,2,1,2,3,2,3,3,K,K,J,J,false,true,Cross-fencing or rotational grazing,B-7,Grazed uplands in Montezuma and Recapture; Mancos Shale landscapes,Acres managed,"Plan: no single E. coli percentage; response depends on stocking, timing, and wildlife sources"
G-2,,Grazing and rangeland,Livestock exclusion fencing (riparian areas and washes),1000 ft,4,1,5,3,0,0,1,2,4,4,0,none,,2,4,4,3,1,2,1,1,2,2,3,3,P,J,J,J,false,true,Erosion control or stream stabilization; Riparian restoration,B-1; B-7,Lower Montezuma Creek; Recapture and Montezuma tributaries; Bears Ears and Abajo reaches,Stream miles fenced,Plan: 65.9% drop in fecal coliform after exclusion fencing. Pair with off-stream water
G-3,a,Grazing and rangeland,Off-stream livestock water: solar well and pump,unit,2,0,4,1,0,0,1,0,2,1,0,none,,1,3,4,2,0,1,1,2,3,2,3,2,K,J,J,J,false,true,Solar-powered livestock well or pump,,Grazing-impacted segments in Montezuma and Recapture; springs,Watering facilities installed,Needs water right and drilling approvals
G-3,b,Grazing and rangeland,Off-stream livestock water: trough and pipeline from existing source,unit,2,0,4,1,0,0,1,0,2,1,0,none,,2,4,4,3,2,2,2,3,3,3,3,3,K,J,J,J,false,true,Livestock watering trough,B-7,Grazing-impacted segments in Montezuma and Recapture; springs,Watering facilities installed,
G-4,,Grazing and rangeland,Hardened or limited livestock crossing,crossing,2,0,3,0,0,0,0,0,0,2,0,low,,2,4,3,3,1,1,2,3,2,1,2,2,K,K,J,J,false,true,Erosion control or stream stabilization,,Grazing-impacted reaches in Montezuma and Recapture,Crossings installed,"Crossings sit in the channel and can be buried or scoured by concentrated storm flow, so the low-structure discount (15%) applies."
G-5,,Grazing and rangeland,Heavy use area protection (hardened surfaces at corrals and water sites),site,4,1,4,2,0,0,0,0,0,0,1,none,,1,4,3,3,2,1,2,3,2,2,3,3,P,J,J,J,false,true,Livestock watering trough,,Community-adjacent corrals in lower Montezuma Creek,Facilities improved or acres treated,Plan: 9-89% fecal coliform reduction; use conservatively
G-6,,Grazing and rangeland,Range seeding and critical area planting,acre,3,1,0,1,0,0,2,0,0,0,0,planting,,3,5,3,3,2,2,2,2,2,2,3,3,P,J,J,J,false,true,Rangeland assessment or plan,B-3; B-8,"Disturbed uplands in McElmo, Chinle, and lower Montezuma",Acres treated,"Plan: 22-100% sediment reduction for cover and revegetation, depending on establishment. Rated at year 5"
G-7,,Grazing and rangeland,Pinyon-juniper and brush management with seeding,acre,3,1,0,0,0,0,1,0,0,0,0,none,,3,5,3,3,1,1,3,2,3,3,3,3,P,J,J,J,false,true,Pinyon-juniper management,B-8,Mancos Shale uplands; Spring Creek and Montezuma Bench near Monticello,Acres treated,Added: runoff and erosion control on encroached rangeland; fuelwood benefit
G-8,,Grazing and rangeland,Range or conservation management plan,acre,2,0,1,2,0,0,0,0,1,0,0,none,,4,5,3,3,2,2,3,3,2,3,3,3,K,K,J,J,false,true,Rangeland assessment or plan,,Grazing allotments in priority areas,Acres under plan,Carries KWRI R-14 plan ratings
G-9,,Grazing and rangeland,"Corral relocation away from washes, with runoff controls (sheep, horse, and cattle corrals)",site,2,0,5,4,0,0,1,0,2,1,1,none,,1,4,4,3,2,2,2,3,3,1,2,2,J,J,J,J,false,true,,G-5; H-10,Montezuma Creek; Aneth; San Juan corridor,Number of corrals moved or controlled,"NRCS 313, 561, 634 (small animal feeding operation practices in Utah NPS plan Appendix A). Larger herds than H-9 backyard pens."
G-10,,Grazing and rangeland,Cheatgrass and annual weed treatment with reseeding,acre,2,1,0,1,0,0,1,0,1,0,0,planting,,3,4,2,3,2,2,2,2,3,2,3,2,J,J,J,J,false,true,Invasive species removal,G-1; G-6,Mesas and Abajo foothills,Acres treated,"NRCS 315. Best fit on mesas and Abajo foothills; in the low desert, red brome and Russian thistle matter more. Added benefit: lower fire risk."
G-11,,Grazing and rangeland,"Wind erosion control on rangeland: sand fence, brush barriers, and native seeding on dunes and blowouts",acre,3,0,0,0,0,1,1,0,0,0,1,planting,,3,4,3,3,2,3,2,3,3,1,2,1,J,J,J,J,false,true,Erosion control or stream stabilization,G-1; G-6,Sand sheets and dunes on the Navajo Nation; Aneth and Montezuma Creek uplands,Acres stabilized,Brush and sand fences trap moving sand so seeded plants can establish. Planting risk applies; works only with grazing rest. Also cuts dust from disturbed and mine-affected ground.
G-12,,Grazing and rangeland,"Earthen stock tanks and charcos: cleanout, spillway repair, and fencing",tank,4,0,2,2,0,0,3,0,1,0,0,earth,35,2,3,3,3,1,2,1,2,3,3,2,2,J,J,J,J,false,true,Livestock watering trough; Check dams or sediment control,G-1; G-3b,"Grazed uplands on the Navajo Nation, Montezuma, and Recapture",Tanks repaired,"NRCS 378 (pond). Common across the watershed; traps sediment and keeps livestock off streams, but tanks silt in and spillways breach in big storms. Discount 35%: below new earthen structures (50%) because work armors the spillway; above low rock structures. Evaporation loses water."
G-13,,Grazing and rangeland,"Hillslope contour rock lines, trincheras, and rock mulch",acre,3,0,0,1,0,0,3,0,0,0,0,low,,2,4,4,3,2,3,2,3,2,1,2,2,J,J,J,J,true,true,Erosion control or stream stabilization,G-6; C-1,Mancos Shale and sandstone slopes above incised washes,Acres treated,Upland rock work that slows sheet and rill flow before it reaches the wash. Ancestral Puebloan terraces and check walls on Cedar Mesa are local precedent. Hand-built with local rock and crews.
C-1,,Washes and channels,One-rock dams and baffles and media lunas,structure,4,1,1,1,1,1,3,1,3,3,0,low,,4,4,4,3,2,3,2,3,2,3,2,2,P,L,J,J,false,true,Check dams or sediment control,B-1; B-3,"Incised gullies in Mancos Shale landscapes (Chinle, McElmo)",Structures installed or channel length treated,Plan: about 50% of sediment retained over 4 years (AZ) and 60-67% more aggradation (NM); failure discount still applied. Cost from Borderlands Restoration Network (about $65 per medium structure in 2019). Post-fire BMP tool: rock structures hold up better than wood in dry settings
C-2,,Washes and channels,Zuni and Navajo bowls and rock rundowns (headcut control),structure,4,1,0,1,1,1,1,0,1,4,0,headcut,,3,4,4,3,2,2,2,3,1,2,2,2,L,J,J,J,true,true,Check dams or sediment control; Erosion control or stream stabilization,B-3,"Incised gullies in Mancos Shale landscapes (Chinle, McElmo)",Structures installed,
C-3,,Washes and channels,Loose-rock check dams and gully plugs over one rock high,structure,4,1,0,1,1,1,2,0,1,3,0,tall,,3,3,3,3,1,1,1,2,1,2,2,2,P,J,J,J,false,true,Check dams or sediment control,,"Incised gullies in Mancos Shale landscapes (Chinle, McElmo)",Structures installed or channel length treated,Failure evidence: Zuni Reservation and Arizona surveys. Post-fire BMP tool: rock structures hold up better than wood in dry settings
C-5,,Washes and channels,Beaver dam analogs and post-assisted log structures,structure,3,0,2,2,1,1,4,4,4,3,0,wood,,3,3,2,3,1,2,1,2,2,1,2,1,P,J,J,J,false,true,Riparian restoration,,Bears Ears canyons; Abajo headwater and meadow reaches,Structures installed or stream length treated,Plan: about 2.3 C summer cooling and up to 0.33 m water table rise in the first year in analogous systems. Needs water rights check
C-6,,Washes and channels,"Streambank stabilization with bioengineering (willow and cottonwood poles, toe wood)",1000 ft,4,1,0,0,1,1,0,1,3,5,0,wood,,1,3,3,2,0,1,2,3,2,1,2,1,K,K,J,J,false,true,Erosion control or stream stabilization,B-2,Montezuma Creek reaches with confirmed bank erosion,Stream length stabilized,"Willow and cottonwood poles and toe wood. Scored for concentrated storm flow: wood and poles are often scoured out by flash floods before roots take hold, so the wood discount (30%) applies."
C-7,a,Washes and channels,"Native riparian planting (cottonwood, willow, shrubs) on floodplain terraces with spread-out runoff",1000 ft,4,0,1,3,0,0,1,3,5,2,0,planting,,2,3,4,1,2,3,1,3,3,2,3,2,P,K,J,J,false,true,Riparian restoration,,San Juan riparian corridor; spring-fed canyon streams; private irrigated lands,Stream miles or riparian acres restored,Plan: 40-70% sediment reduction where runoff arrives as sheet flow; about 0.6 C summer cooling from shade. Needs early watering and browse protection
C-7,b,Washes and channels,"Native riparian planting (cottonwood, willow, shrubs) in washes, with concentrated storm flow",1000 ft,2,0,1,2,0,0,1,3,5,2,0,planting,,2,3,4,1,2,3,1,3,3,2,3,2,L,K,J,J,false,true,Riparian restoration,B-1; B-2,Lower Montezuma and Recapture Creeks; Bears Ears canyons; San Juan corridor washes,Stream miles or riparian acres restored,"Where flow concentrates, buffers treat only 6-81% of their area and trap 15-43% of sediment versus 41-99% under sheet flow (Helmers and others 2008). Pair with structures that spread flow first"
C-7,c,Washes and channels,"Native riparian seeding (grasses, sedges, rushes, forbs) on wash margins and floodplains",acre,2,0,1,2,0,0,1,1,3,2,0,planting,,3,3,3,2,2,3,2,3,2,2,3,2,J,J,J,J,false,true,Riparian restoration,G-2; C-1; C-12,San Juan riparian corridor; spring-fed canyon streams,Acres seeded,NRCS 390 and 342. Utah BMP Selector UT-SB-09 (its second-highest practice). Rarely establishes in washes without grazing rest and flow slowing; score as a pair where possible.
C-8,,Washes and channels,Tamarisk and Russian olive removal with revegetation,acre,1,1,0,0,0,0,0,0,3,1,0,planting,,2,3,3,3,1,1,1,2,2,3,3,2,P,J,J,J,false,true,Invasive species removal,,San Juan River corridor near Navajo Nation lands and recreation areas,Riparian acres treated,Plan: cannot assume hydrologic improvement from removal alone. Retreatment needed; flycatcher habitat review
C-9,,Washes and channels,Sediment or settling basin,basin,5,1,0,2,1,3,1,0,0,0,0,earth,,1,2,4,3,1,1,0,2,1,1,1,2,K,J,J,J,false,true,Check dams or sediment control,,Lower Montezuma Creek; below mineralized ground,Basins installed,"Metals rating assumes siting below mineralized ground. In-wash basins are earthen embankments, so the earthen discount (50%) applies. Selenium is mostly dissolved and does not settle."
C-10,,Washes and channels,Wetland restoration in canyon bottoms,acre,3,1,3,3,3,2,3,2,5,4,0,low,,1,4,4,3,0,1,2,2,3,1,2,1,K,K,J,J,false,true,Riparian restoration,,Bears Ears canyons; springs and wetlands,Wetland acres restored,"Canyon-bottom wetlands take the full force of concentrated storm flow, so the low-structure discount (15%) applies. Where inflow carries selenium, birds can take it up."
C-11,a,Washes and channels,"Vegetated filter strips at field edges and uplands, with spread-out runoff",acre,4,0,4,4,1,1,0,0,2,0,0,planting,,2,3,3,2,2,2,1,2,2,1,2,2,P,J,J,J,false,true,Riparian restoration,B-4,San Juan River recreation reaches (Bluff to Mexican Hat); lower Montezuma Creek,Buffer acres established or stream miles buffered,Plan: 43-74% fecal coliform trapping and 40-70% sediment where runoff is diffuse. Not a substitute for livestock exclusion or septic fixes
C-11,b,Washes and channels,"Vegetated filter strips along washes, with concentrated storm flow",acre,2,0,2,2,1,1,0,0,2,0,0,planting,,2,3,3,2,2,2,1,2,2,1,2,2,L,J,J,J,false,true,Riparian restoration,,Washes below fields and corrals in lower Montezuma Creek and McElmo,Buffer acres established or stream miles buffered,"Where flow concentrates, buffers treat only 6-81% of their area and trap 15-43% of sediment versus 41-99% under sheet flow (Helmers and others 2008). Pair with structures that spread flow first"
C-12,,Washes and channels,"Woven brush dams and brush weirs (juniper, willow, or other local brush)",structure,3,0,1,1,1,1,4,1,3,3,0,low,20,4,4,3,3,2,3,2,3,3,2,2,2,L,J,J,J,true,true,Check dams or sediment control; Erosion control or stream stabilization,B-3,Incised washes and fields on Navajo Nation lands; Mancos Shale landscapes,Structures installed,"Traditional Dine and Zuni practice. Black Mesa work reports up to 28% more downstream water and a month longer flow; at Zuni, 5 of 28 brush structures needed maintenance after 20 years. Ratings to be confirmed with chapter practitioners. Discount set at 20%: brush is wood, but the Zuni record (5 of 28 needing maintenance after 20 years) shows it holds better than log structures."
C-13,,Washes and channels,Log and juniper slash piles in washes and gullies,structure,3,0,1,0,1,1,2,0,2,2,0,wood,,4,4,2,3,2,3,2,3,3,2,2,2,J,J,J,J,true,true,Check dams or sediment control; Pinyon-juniper management,B-8,Incised washes below pinyon-juniper treatments; Spring Creek and Montezuma Bench,Structures installed,"Uses slash from pinyon-juniper thinning. The post-fire BMP tool scores log structures low where rainfall is under 10 inches, so the wood discount applies"
C-14,,Washes and channels,Log and rock vanes to direct flow away from eroding banks,structure,3,0,0,0,0,1,1,0,2,4,0,wood,,2,4,3,3,1,2,2,3,2,1,2,1,L,J,J,J,true,true,Erosion control or stream stabilization,B-2,Montezuma Creek and canyon streams with eroding banks,Structures installed,Post-fire BMP tool: channel deflectors and native rock score moderately to well in dry settings; rock holds up better than wood. Log or rock vanes in the channel take concentrated flow; wood discount (30%) applies.
C-15,,Washes and channels,Wool mat buffers and wool erosion blankets,acre,3,0,2,2,0,0,1,0,1,0,0,planting,25,2,4,1,4,3,3,2,3,3,1,1,1,L,J,J,J,true,false,Erosion control or stream stabilization,,Disturbed slopes and wash margins; post-fire slopes,Acres covered,"Montana roadside trials: wool blankets grew 3-4 times more perennial grass than straw or coir, likely from moisture retention and nitrogen. Can use local Navajo-Churro wool; ratings to be confirmed locally. Scored for wash margins: mats can be displaced or buried by concentrated storm flow, so a 25% discount applies."
C-16,,Washes and channels,Waterspreading: low dikes and spreaders that spread wash flow onto rangeland,acre,4,2,1,2,1,1,4,0,2,2,0,earth,25,4,3,3,3,2,2,2,3,3,2,2,2,J,J,J,J,true,true,Check dams or sediment control,C-1; G-1,"Valley bottoms below washes in Chinle, McElmo, and Montezuma Creek (Navajo Nation lands)",Acres receiving spread flow,"NRCS 640; listed in Utah NPS plan Appendix A. Close to traditional Diné floodwater spreading. Low earthen spreaders breach in large flows; discount set at 25% (between earthen and low-structure risk) because spreaders are low and flow is spread, not ponded. On Mancos Shale, spreading more water into the soil can mobilize salt and selenium; site soils should be checked."
C-17,,Washes and channels,Floodplain reconnection: removing berms and spoil piles and setting back levees,1000 ft,3,0,2,2,0,0,4,2,4,4,0,none,,1,5,5,3,0,1,3,2,3,1,2,1,J,J,J,J,false,true,Riparian restoration,C-7b; C-8,Lower Montezuma Creek; San Juan corridor,Stream feet reconnected,Lets floods spread and drop sediment on the floodplain instead of cutting the channel deeper. Needs Clean Water Act section 404 permits and agreement from neighboring landowners.
D-1,,Roads and drainage,Unpaved road drainage (rolling dips and culverts and low-water crossings),mile,4,1,0,0,0,0,1,0,0,1,0,low,,1,3,3,3,1,1,2,3,3,2,2,3,P,J,J,J,false,true,Road or drainage improvement,,"BLM and county roads connected to channels in McElmo, Chinle, and lower Montezuma",Road miles treated or drainage features installed,"Low-water crossings and culverts sit in the wash, so the low-structure discount applies."
D-2,,Roads and drainage,"Road, two-track, and off-road route closure and decommissioning (including routes in washes)",mile,4,1,0,0,0,0,1,0,0,1,0,none,,2,5,4,3,1,2,3,1,1,2,2,2,J,J,J,J,false,true,Road or drainage improvement,,"BLM and county roads connected to channels in McElmo, Chinle, and lower Montezuma",Road miles closed,Loss of access is the main tradeoff
D-3,a,Roads and drainage,Road surfacing: graveled travel way,mile,3,1,0,0,0,0,0,0,0,0,0,none,,1,3,3,3,1,1,2,3,3,2,2,3,P,J,J,J,false,true,Road or drainage improvement,,"BLM and county roads connected to channels in McElmo, Chinle, and lower Montezuma",Road miles treated,Plan: about 33% less sediment from graveled travel ways
D-3,b,Roads and drainage,Road surfacing with ditch protection,mile,4,1,0,0,0,0,0,0,0,0,0,none,,1,3,4,3,1,1,2,3,3,2,2,3,P,J,J,J,false,true,Road or drainage improvement,,"BLM and county roads connected to channels in McElmo, Chinle, and lower Montezuma",Road miles treated,Plan: about 57% less sediment with travel way and ditch protected; about 91% when the cutslope is also protected
D-4,,Roads and drainage,"Recreation site sanitation and trail or campsite closure (river corridor, Comb Wash, Cedar Mesa)",site,2,0,4,2,0,0,1,0,3,2,2,none,,1,2,3,3,1,2,1,2,3,2,2,2,J,J,J,J,false,true,,C-7a,San Juan corridor; Bears Ears canyons,Sites treated,"Vault toilets, groover stations, closures and rerouting. Needs BLM, NPS, or Navajo Nation approvals."
D-5,,Roads and drainage,"Oil and gas pad, pipeline corridor, and access road reclamation (orphaned sites)",site,3,2,0,0,1,1,1,0,0,0,0,planting,,1,4,4,3,1,2,2,3,2,1,2,2,J,J,J,J,false,true,Erosion control or stream stabilization,D-2,Aneth and Montezuma Creek oil fields,Sites reclaimed,"Recontouring, ripping, and seeding of abandoned pads and corridors. Operators are responsible for active and bonded sites, so 319 funding fits only orphaned sites. Produced-water spills add salt."
I-1,a,Irrigation and water efficiency,Canal or ditch piping,1000 ft,1,5,0,1,2,0,0,0,0,0,0,none,,1,4,5,5,1,1,3,2,3,3,3,3,L,J,J,J,false,true,Canal or ditch lining,,Irrigated valleys; McElmo salinity hotspots; Indian Creek to Dry Wash,Canal length piped or lined,Salinity and selenium ratings follow Colorado River Basin Salinity Control Program practice; canal seepage through Mancos Shale is a main selenium source.
I-1,b,Irrigation and water efficiency,Canal or ditch lining,1000 ft,1,4,0,1,2,0,0,0,0,0,0,none,,1,3,4,4,1,1,2,2,3,2,3,3,L,J,J,J,false,true,Canal or ditch lining,,Irrigated valleys; McElmo salinity hotspots; Indian Creek to Dry Wash,Canal length piped or lined,
I-2,,Irrigation and water efficiency,Sprinkler or drip irrigation conversion,acre,3,4,0,3,2,0,0,0,0,0,0,none,,2,3,4,5,3,1,1,3,3,3,3,3,L,J,J,J,false,true,Drip irrigation,B-4,Lower Montezuma Creek and other selenium-prone irrigated valleys,Irrigated acres improved,
I-3,,Irrigation and water efficiency,Irrigation water management and tailwater reuse,acre,3,3,0,2,1,1,1,1,0,0,0,none,,3,5,3,4,3,2,1,3,2,2,3,3,K,K,J,J,false,true,Drip irrigation,B-4,Lower Montezuma Creek and other selenium-prone irrigated valleys,Irrigated acres improved,Carries KWRI R-6 capture-and-reuse ratings
I-4,,Irrigation and water efficiency,Cover crops and contour farming on irrigated fields,acre,3,1,0,2,0,0,1,0,0,0,0,none,,4,5,2,1,3,2,1,2,2,1,3,2,P,K,J,J,false,true,,B-5,"Irrigated field margins in McElmo, Chinle, and lower Montezuma",Acres treated,"Plan: 22-100% sediment reduction for cover crops, depending on establishment; field margins in McElmo, Chinle, and lower Montezuma"
I-5,,Irrigation and water efficiency,Gypsum soil amendment in selenium-prone irrigated fields,acre,1,0,0,0,1,0,1,0,0,0,0,none,,3,4,2,3,3,2,2,2,2,0,1,1,J,J,J,J,false,false,,,Selenium-prone irrigated valleys,Acres treated,"Plan: kept as a candidate, but no transferable efficiency found; use where local soil chemistry supports it"
I-6,,Irrigation and water efficiency,"Soil health system: reduced tillage, compost, and residue mulch",acre,3,2,0,2,1,0,2,0,0,0,0,none,,4,4,3,4,3,2,2,2,3,1,3,2,J,J,J,J,false,true,Drip irrigation,B-5,"Irrigated and dryland fields in McElmo, Montezuma, and Recapture valleys",Acres treated,Regenerative practice; holds soil moisture and cuts irrigation need. Mulch helped revegetation more than compost on a semiarid rangeland
I-7,,Irrigation and water efficiency,Runoff (floodwater) farming and water spreading with drought-adapted crops,acre,3,1,0,1,0,0,4,0,1,0,0,low,25,4,4,3,4,2,3,2,3,3,1,1,1,L,J,J,J,true,true,,B-5,"Fields below washes in Chinle, McElmo, and Montezuma Creek (Navajo Nation lands)",Acres farmed or structures installed,Traditional dryland farming using brush and rock structures to spread wash flow onto fields; Black Mesa work restored 56 fields. Ratings to be confirmed with farmers and chapters. Discount matched to waterspreading (C-16).
I-8,,Irrigation and water efficiency,Irrigation flow measurement and diversion control structures,diversion,1,2,0,1,2,0,2,0,0,1,0,none,,2,4,4,5,3,2,2,3,2,3,3,3,J,J,J,J,false,true,Canal or ditch lining,I-3; B-4,Irrigated valleys; McElmo and lower Montezuma Creek,Diversions measured,NRCS 587 and flow meters. Supports salinity and water-use goals; Utah water optimization funding often applies.
I-9,,Irrigation and water efficiency,Diversions and water and sediment control basins on dryland fields,field,4,1,1,2,0,0,3,0,0,1,0,earth,25,2,4,4,3,3,2,2,2,2,2,3,3,J,J,J,J,false,false,,I-4; I-6,Blanding and Monticello dryland farms,Fields treated,"NRCS 362 and 638 (Utah NPS plan Appendix A). Field-scale drainages, so failure risk is lower than in-channel earthen structures. Earthen embankments on field-scale drainages; discount set at 25%, as for waterspreading."
I-10,,Irrigation and water efficiency,"Wind erosion control on fields: windbreaks, cross-wind strips, surface roughening, and residue",acre,3,1,0,1,0,1,1,0,0,0,0,none,10,3,4,3,3,3,3,2,3,3,2,3,3,J,J,J,J,false,false,Erosion control or stream stabilization,I-6; I-11,Dryland fields around Blanding and Monticello; Navajo Nation fields,Acres treated,"NRCS 380, 589C, 609. Blown soil settles in washes and reaches the river in the next storm. 10% discount because windbreak trees need watering to establish; roughening and residue need none."
I-11,,Irrigation and water efficiency,"Biochar, compost, and other organic soil amendments for water holding",acre,2,1,0,1,1,1,2,0,0,0,0,none,,2,4,4,4,3,3,3,2,3,1,2,1,J,J,J,J,false,false,Drip irrigation,I-6; B-5,Irrigated and dryland fields; small community farms,Acres amended,"NRCS 336 (soil carbon amendment). Raises water holding in sandy soils, so fields need less irrigation; biochar also binds some metals. Can be made from pinyon-juniper thinning slash. Biochar can raise pH in already alkaline soils, so use low-ash biochar mixed with compost; results in arid alkaline soils are mixed, so ratings are cautious."
I-12,,Irrigation and water efficiency,"Retiring irrigation on saline, selenium-rich fields, with conservation cover",acre,2,4,0,2,4,0,0,0,0,0,0,planting,,3,4,4,5,2,3,3,1,1,1,2,2,J,J,J,J,false,true,Canal or ditch lining,I-1a; I-8,McElmo salinity hotspots; lower Montezuma Creek irrigated valleys,Acres retired,NRCS 327 (conservation cover). The most direct fix for the worst salt and selenium fields in Colorado River selenium programs. Lost farm income and Utah water right nonuse rules are the main barriers; check the water right before fallowing. Cover is hard to establish on saline soil.
M-1,a,Legacy mine sites,Mine waste cover and revegetation: soil cover and seeding,acre,5,2,0,0,2,5,1,0,0,0,3,none,,1,3,3,3,0,1,2,1,3,1,2,1,J,J,J,J,false,true,Legacy mine site cleanup (uranium and metals),,Abandoned uranium mine clusters (Four Corners); Cottonwood Wash; White Mesa Mill vicinity,Acres or source areas stabilized,Site-specific; usually needs EPA or tribal EPA oversight
M-1,b,Legacy mine sites,Mine waste cover and revegetation: engineered cap,acre,5,2,0,0,2,5,1,0,0,0,4,none,,0,2,5,3,0,0,1,1,3,1,2,1,J,J,J,J,false,true,Legacy mine site cleanup (uranium and metals),,Abandoned uranium mine clusters (Four Corners); Cottonwood Wash; White Mesa Mill vicinity,Acres or source areas stabilized,Radon and erosion barrier; typically outside 319 funding
M-2,,Legacy mine sites,Run-on diversion and runoff controls at mine sites,site,4,1,0,0,2,4,1,0,0,0,2,none,,1,3,3,3,0,1,1,2,2,1,2,1,J,J,J,J,false,true,Legacy mine site cleanup (uranium and metals),,Abandoned uranium mine clusters (Four Corners); Cottonwood Wash,Diversion features installed,
M-3,,Legacy mine sites,Removal and consolidation of mine waste to a repository,site,5,2,0,0,2,5,1,0,0,0,4,none,,0,4,5,3,0,0,2,1,3,2,2,2,J,J,J,J,false,true,Legacy mine site cleanup (uranium and metals),,Abandoned uranium mine clusters (Four Corners),Source areas removed,Usually Superfund or abandoned-mine program scale
M-4,a,Legacy mine sites,Passive selenium treatment: constructed wetland,system,5,1,0,0,5,3,0,0,1,0,1,none,,1,2,3,2,0,0,1,1,1,0,1,1,P,J,J,J,false,true,Legacy mine site cleanup (uranium and metals),,Selenium-bearing drainages in lower Montezuma Creek,Treatment cells installed or discharges treated,"Plan: 56-70% selenium mass removal and over 94% suspended sediment retention. Needs a persistent, identifiable drainage. Birds can take up selenium in treatment wetlands, so negative impacts are rated higher."
M-4,b,Legacy mine sites,Passive selenium treatment: bioreactor,system,0,0,0,0,5,1,0,0,0,0,1,none,,1,1,2,3,0,0,0,2,1,0,1,0,P,J,J,J,false,true,Legacy mine site cleanup (uranium and metals),,Selenium-bearing drainages in lower Montezuma Creek,Treatment cells installed or discharges treated,Plan: about 70% selenium removal; sensitive to residence time and temperature. Only where flow is focused and reliable
M-5,,Legacy mine sites,Groundwater interception and treatment for uranium (reactive media or pump and treat),system,0,0,0,0,0,5,0,0,0,0,3,none,,0,1,3,3,0,0,0,2,3,0,1,0,P,J,J,J,false,false,Legacy mine site cleanup (uranium and metals),,White Mesa Mill vicinity; confirmed groundwater pathways,Systems installed or operated,Outside Utah's NPS program: the abandoned mines plan funds passive treatment only. Plan example: Monticello mill site system cut uranium from about 300 micrograms per liter to below the 44 microgram per liter groundwater standard. Only after source verification and regulatory coordination
H-1,a,Communities and households,Septic system: pumping and repair,system,0,0,5,1,0,0,0,0,0,0,2,none,,3,4,2,3,2,3,3,3,2,2,2,2,K,J,K,J,false,true,Septic system replacement,,Lower Montezuma Creek communities; unsewered areas,Systems repaired or replaced; households connected,
H-1,b,Communities and households,Septic system: replacement,system,0,0,5,2,0,0,0,0,0,0,3,none,,1,4,5,3,1,1,2,3,3,2,3,2,P,J,J,J,false,true,Septic system replacement,,Lower Montezuma Creek communities; unsewered areas,Systems repaired or replaced; households connected,
H-1,c,Communities and households,Septic system: advanced treatment,system,0,0,5,3,0,0,0,0,0,0,3,none,,1,3,4,3,1,1,1,3,3,1,2,1,K,J,K,J,false,true,Septic system replacement,,Lower Montezuma Creek communities; unsewered areas,Systems repaired or replaced; households connected,
H-1,d,Communities and households,Septic system: connection to a cluster or community system,household,0,0,5,3,0,0,0,0,0,0,3,none,,1,3,5,3,0,0,2,2,3,1,3,2,P,J,J,J,false,true,Septic system replacement,,Lower Montezuma Creek communities; unsewered areas,Systems repaired or replaced; households connected,Plan: 85% bacteria reduction after community-wide septic replacement and rehabilitation
H-1,e,Communities and households,Outhouse and pit privy replacement (vault or composting toilets),home,0,0,4,2,0,0,0,0,0,0,3,none,,2,4,4,4,2,3,2,3,3,1,2,1,J,J,J,J,false,false,Septic system replacement,H-10; H-12,Homes without indoor plumbing near wells and washes,Homes served,Many homes on the Navajo Nation have no indoor plumbing. Unlined pits near wells and washes are an E. coli and nitrate source. Composting toilets need no water.
H-2,,Communities and households,Drinking water line extension,home,0,0,0,0,0,0,0,0,0,0,5,none,,1,3,5,3,0,0,2,2,3,2,3,2,J,J,J,J,false,false,Drinking water line extension,,Not a plan priority area; homes on unregulated wells,Homes connected,No in-stream load reduction; benefit is lower exposure to uranium and arsenic in unregulated wells
H-3,a,Communities and households,Uranium and arsenic treatment for individual wells (point-of-entry or point-of-use),well,0,0,0,0,0,0,0,0,0,0,5,none,,2,3,3,3,2,2,1,2,3,2,2,2,J,J,J,J,false,false,Water treatment (arsenic or uranium),H-12; H-10,Not a plan priority area; homes on unregulated wells,Homes or systems treated,"Reverse osmosis or adsorptive media at the tap or where water enters the home. Needs regular filter changes, testing, and safe disposal of spent media. Protects people, not streams, so Environmental is 0."
H-3,b,Communities and households,Uranium or arsenic treatment: community system,system,0,0,0,0,0,0,0,0,0,0,5,none,,0,1,4,3,0,0,0,2,3,1,3,1,J,J,J,J,false,false,Water treatment (arsenic or uranium),,Not a plan priority area; homes on unregulated wells,Homes or systems treated,No in-stream load reduction
H-3,c,Communities and households,Uranium and arsenic treatment: community water filling station,station,0,0,0,0,0,0,0,0,0,0,4,none,,1,2,4,3,1,1,2,3,3,2,3,2,J,J,J,J,false,false,Water treatment (arsenic or uranium),,Not a plan priority area; chapter communities with hauled water,Stations installed,"Treated water for families who haul water from unregulated wells. Protects people, not streams."
H-4,,Communities and households,Wastewater lagoon or treatment plant improvement,system,0,0,4,3,0,0,0,0,0,0,3,none,,0,1,5,3,0,0,0,2,3,2,3,2,K,J,J,J,false,false,Wastewater treatment plant,,Not a plan priority area; community lagoons,Systems upgraded,Point source; included because it is in the Funding Guide
H-5,a,Communities and households,"Stormwater harvesting basins: lot-scale (homes, chapter houses, schools)",acre treated,5,0,4,4,0,2,5,0,0,1,0,none,,2,3,4,4,3,3,2,3,3,1,2,1,K,J,J,J,false,false,Town or community stormwater,,"Not a plan priority area; Bluff, Blanding, Monticello, chapter communities",Acres treated or units installed,Tucson-style passive water harvesting. Metals lowered: Phoenix-area bioswales removed about 25% of heavy metals
H-5,b,Communities and households,Stormwater harvesting basins: street-side with curb cuts,acre treated,5,0,4,4,0,2,5,0,0,1,0,none,,1,3,4,4,1,1,1,2,3,0,1,1,K,J,J,J,false,false,Town or community stormwater,,"Not a plan priority area; Bluff, Blanding, Monticello, chapter communities",Acres treated or units installed,Needs city or UDOT approval
H-6,,Communities and households,Vegetated swale with desert plantings,acre treated,5,0,1,3,0,2,3,0,0,0,0,none,,1,3,4,2,2,2,2,2,2,1,1,1,K,J,J,J,false,false,Town or community stormwater,,"Not a plan priority area; Bluff, Blanding, Monticello, chapter communities",Acres treated or units installed,Phoenix-area bioswales removed 76-99% of suspended solids and about 25% of heavy metals
H-7,,Communities and households,Rainwater cisterns,unit,1,0,0,0,0,0,3,0,0,0,0,none,,2,4,4,5,3,2,2,3,3,2,2,2,K,J,J,J,false,false,Town or community stormwater,,"Not a plan priority area; Bluff, Blanding, Monticello, chapter communities",Acres treated or units installed,
H-8,,Communities and households,"Small community and backyard farms: drip, mulch, and compost",acre,2,0,0,2,0,0,1,0,0,0,0,none,,3,4,3,5,3,3,2,3,3,2,2,2,J,J,J,J,false,false,Drip irrigation,,"Chapter communities, Bluff, Blanding, Monticello",Acres or gardens converted,Cuts water use and runoff from small farms and gardens
H-9,,Communities and households,Backyard livestock pen and manure management near wells and washes,site,2,0,4,3,0,0,0,0,0,0,2,none,,3,4,3,3,3,3,2,3,2,1,1,2,J,J,J,J,false,true,Septic system replacement,,Lower Montezuma Creek communities; homes near washes,Sites improved,Scaled-down corral runoff control (G-5) for household animals
H-10,,Communities and households,"Well and wellhead protection (sealing, setbacks from corrals and septic)",well,0,0,2,2,0,1,0,0,0,0,3,none,,3,4,4,3,2,2,3,3,3,1,2,2,J,J,J,J,false,false,Water treatment (arsenic or uranium),,Homes and livestock wells; White Mesa and chapter communities,Wells protected,Protects groundwater rather than streams; most benefit is to drinking water
H-11,,Communities and households,Abandoned well decommissioning (plugging and sealing),well,0,0,1,1,0,1,0,0,0,0,2,none,,2,5,5,3,2,2,3,3,3,1,2,2,J,J,J,J,false,false,Water treatment (arsenic or uranium),H-12; H-10,Homes and livestock wells; White Mesa and chapter communities,Wells decommissioned,"NRCS 351 (well decommissioning). Closes a direct path for surface runoff, manure, and septic effluent into groundwater, and removes a safety hazard. Needs a licensed driller."
H-12,,Communities and households,"Private and livestock well testing (uranium, arsenic, E. coli, nitrate)",well,0,0,0,0,0,0,0,0,0,0,2,none,,4,3,1,3,3,3,2,3,3,2,2,3,J,J,J,J,false,false,Water treatment (arsenic or uranium),H-3a; H-10; H-11,Homes and livestock wells; White Mesa and chapter communities,Wells tested,"NRCS 355 (well water testing). Screening, not treatment: tells families and partners where treatment, wellhead protection, or decommissioning is needed. Environmental is 0 because testing changes no load. Retest every 1 to 2 years."
F-1,,Abajo forest and springs,Spring development with protection and overflow returned,spring,2,0,4,1,0,0,1,1,3,1,0,none,,2,4,4,3,1,2,2,2,3,2,3,2,J,J,J,J,false,true,Livestock watering trough,B-6,Abajo headwaters and foothill springs; Bears Ears springs,Springs protected,Return overflow to keep spring habitat wet
F-2,,Abajo forest and springs,Spring and seep and wet meadow restoration,site,4,0,3,2,0,0,4,3,5,4,0,low,,2,4,4,3,1,2,2,2,3,1,2,1,J,J,J,J,false,true,Riparian restoration,B-6,Abajo headwater meadows; Bears Ears springs,Wet meadow acres restored,Exclosure plus one-rock dams and rundowns and induced meandering
F-3,,Abajo forest and springs,Headwater tributary exclosure (livestock and elk),1000 ft,4,0,4,2,0,0,1,3,5,4,0,none,,2,3,4,3,1,2,1,1,2,2,2,2,J,J,J,J,false,true,Riparian restoration,,Abajo headwater streams,Stream miles fenced,Elk-proof fence costs more
F-4,,Abajo forest and springs,Forest road drainage and stream crossing upgrades,crossing,4,0,0,0,0,0,1,0,1,2,0,none,,1,3,4,3,1,0,2,3,2,2,3,3,J,J,J,J,false,true,Road or drainage improvement,,Abajo Mountains headwaters (Manti-La Sal NF),Crossings or road miles improved,Includes aquatic organism passage culverts
F-5,,Abajo forest and springs,Fuels reduction thinning and prescribed fire,acre,2,0,0,0,0,0,1,0,0,1,0,none,,3,4,3,3,1,1,2,1,3,3,3,3,J,J,J,J,false,true,Fuels reduction or prescribed fire,,Abajo Mountains headwaters (Manti-La Sal NF),Headwater acres treated,Benefit is avoided post-fire sediment
F-6,a,Abajo forest and springs,Post-fire stabilization: mulching and seeding,acre,4,0,0,0,0,0,1,0,0,0,0,none,,2,5,1,3,2,1,3,2,2,2,3,3,L,J,J,J,false,true,Erosion control or stream stabilization,,"Burned areas connected to priority waters (Abajo, Bears Ears)",Burned acres treated,"Post-fire BMP tool (Lay 2026), 11-20 inch rainfall class used for most Abajo burns: mulching about 18 of 20 and seeding 15, the top hillslope treatments. A 222-observation meta-analysis agrees mulch works best; the effect fades as plants recover."
F-6,b,Abajo forest and springs,Post-fire stabilization: log erosion barriers,acre,2,0,0,0,0,0,1,0,0,0,0,none,,2,5,1,3,2,1,3,2,2,2,2,2,L,J,J,J,false,true,Erosion control or stream stabilization,,"Burned areas connected to priority waters (Abajo, Bears Ears)",Burned acres treated,"Post-fire BMP tool (Lay 2026), 11-20 inch rainfall class used for most Abajo burns: contour felling and log terraces about 8 of 20 (4 where rainfall is under 10 inches), so ratings stay low."
F-6,c,Abajo forest and springs,Post-fire stabilization: contour raking or ripping with seeding,acre,3,0,0,0,0,0,2,0,0,0,0,none,,4,5,2,3,2,2,3,2,2,1,2,2,L,J,J,J,false,true,Erosion control or stream stabilization,,"Burned areas connected to priority waters (Abajo, Bears Ears)",Burned acres treated,"Post-fire BMP tool (Lay 2026), 11-20 inch rainfall class used for most Abajo burns: hand raking and contour ripping about 18 of 20, tied with mulching. Pair with seeding."
F-6,d,Abajo forest and springs,"Post-fire stabilization: straw wattles, fiber logs, and erosion control blankets",acre,3,0,0,0,0,0,1,0,0,0,0,none,,2,4,1,3,2,2,3,2,2,2,3,3,L,J,J,J,false,true,Erosion control or stream stabilization,F-6a,"Burned areas connected to priority waters (Abajo, Bears Ears)",Acres treated,"Post-fire BMP tool (Lay 2026), 11-20 inch rainfall class: blankets about 17 of 20, wattles and fiber logs 12 to 13, below mulching and raking (18) and above log terraces (8). Plastic netting can trap wildlife; use wildlife-safe products."
F-7,,Abajo forest and springs,Aspen and riparian woody protection from browsing,acre,1,0,0,0,0,0,2,1,3,1,0,none,,2,3,4,3,1,2,1,2,2,2,2,2,J,J,J,J,false,true,Aspen protection,,Abajo Mountains headwaters,Acres protected,
F-8,,Abajo forest and springs,"Streamside management zones during forest work (75 ft perennial, 35 ft intermittent)",stream mile,4,0,1,2,0,0,1,3,4,3,0,none,,5,5,4,3,2,3,3,2,2,2,2,2,J,J,J,J,false,true,Riparian restoration; Fuels reduction or prescribed fire,F-5; F-4,Abajo Mountains,Stream miles buffered,"Forest operations only (fuels, salvage, harvest). Widths from Utah Forest Water Quality Guidelines for slopes under 35%. Utah BMP Selector UT-FOR-07, its top practice."
F-9,,Abajo forest and springs,Skid trail and landing rehabilitation,acre,3,0,0,1,0,0,2,0,1,0,0,none,,4,4,3,3,2,2,2,3,2,1,2,2,J,J,J,J,false,true,Erosion control or stream stabilization; Fuels reduction or prescribed fire,F-8; F-4,Abajo Mountains,Acres rehabilitated,"Forest operations only. Waterbars, ripping, slash cover, seeding (NRCS 654 partial, 342)."
F-10,,Abajo forest and springs,Induced meandering and wicker weirs in small creeks,stream reach,3,0,0,1,0,0,3,2,4,4,0,wood,,2,3,2,3,1,2,2,3,2,1,1,1,J,J,J,J,false,true,Erosion control or stream stabilization,F-3; F-7,Abajo Mountains,Stream reaches treated,Zeedyk-style. Fits small Abajo creeks and spring-fed channels with willow nearby; likely to blow out in large sandy washes.
F-11,,Abajo forest and springs,"Spring and seep exclosures (livestock, elk, and feral horses)",spring,2,0,4,2,0,0,1,1,4,2,0,none,,2,4,4,3,1,3,2,2,3,2,3,2,J,J,J,J,false,true,Riparian restoration,F-1; F-2,Abajo headwaters and foothill springs; Bears Ears springs,Springs protected,"Fencing alone, without spring development. Pipe overflow to a trough outside the fence (F-1) so animals still have water; otherwise the negative-impact rating drops."
